Step,Kinetic,Potential,Total,Temperature
40,2258.919056782257,-5.713303193161232,2253.205753589096,18.824325473185475
80,2103.585155597197,-5.743222669823057,2097.8419329273743,17.52987629664331
120,1959.7689919670688,-5.325717619203518,1954.4432743478653,16.33140826639224
160,1834.603612154153,-5.843147334210678,1828.7604648199424,15.288363434617942
200,1711.6383124979843,-5.573305804716004,1706.0650066932683,14.26365260414987
240,1598.511759177119,-5.7051247959895655,1592.8066343811295,13.320931326475993
280,1494.154436634766,-5.902931180626972,1488.251505454139,12.451286971956383
320,1398.1193908515934,-6.409149081059678,1391.7102417705337,11.650994923763278
360,1308.9886279935984,-6.400152211359881,1302.5884757822384,10.908238566613319
400,1227.2871604586876,-6.98420965551033,1220.3029508031773,10.227393003822396
440,1151.4409725577664,-7.128204987631042,1144.3127675701353,9.595341437981386
480,1081.2889597831918,-7.114424010953949,1074.1745357722377,9.010741331526598
520,1016.9488552905478,-7.530412344798329,1009.4184429457495,8.474573794087899
560,957.2768164832347,-7.661042386179426,949.6157740970552,7.977306804026956
600,901.6061459879811,-7.172794284854979,894.4333517031262,7.513384549899842
640,850.4291732561794,-6.8979580216079865,843.5312152345714,7.086909777134829
680,803.8221981519807,-7.279026189966668,796.5431719620141,6.698518317933173
720,761.2382728844743,-8.115387998494267,753.12288488598,6.343652274037286
760,722.3083983112303,-9.340693591141799,712.9677047200886,6.0192366525935865
800,677.0566112230242,1.7917205336209712,678.8483317566452,5.642138426858535
840,653.941780386004,-9.423574847037932,644.5182055389661,5.449514836550033
880,621.6708323403833,-8.99384091564902,612.6769914247343,5.1805902695031945
920,591.6135465194176,-8.282600928937317,583.3309455904803,4.930112887661813
960,563.96281766549,-7.663826722282,556.298990943208,4.699690147212417
1000,539.1450083998426,-7.775262251318546,531.3697461485241,4.492875069998688
1040,516.7496865451114,-8.42558919883378,508.32409734627765,4.306247387875929
1080,495.89663708812634,-8.893295369261413,487.00334171886493,4.132471975734386
1120,476.36686402926136,-9.062256370311292,467.3046076589501,3.9697238669105115
1160,458.2139189952981,-9.100211670568623,449.1137073247295,3.8184493249608176
1200,441.4527967200707,-9.132994838492102,432.3198018815786,3.678773306000589
1240,426.02653074580746,-9.213109769959186,416.81342097584826,3.5502210895483954
1280,411.77258000711834,-9.279929603110446,402.4926504040079,3.4314381667259863
1320,398.5427911286567,-9.268861874458599,389.2739292541981,3.321189926072139
1360,386.5091149959647,-9.441245066037839,377.06786992992687,3.2209092916330393
1400,375.40982737951197,-9.626523101617757,365.7833042778942,3.1284152281626
1440,364.75728465525555,-9.386910158533206,355.3703744967223,3.039644038793796
1480,354.7454742362832,-8.959776087399915,345.7856981488833,2.95621228530236
1520,345.6158889310122,-8.649322626550655,336.96656630446154,2.880132407758435
1560,337.3562081886487,-8.511039087780723,328.84516910086796,2.8113017349054057
1600,329.93261314004525,-8.581599626495954,321.3510135135493,2.74943844283371
1640,323.18342785758944,-8.759305171478399,314.42412268611105,2.6931952321465786
1680,316.89314653112825,-8.875610515412147,308.01753601571613,2.6407762210927355
1720,311.0432546740076,-8.94458078570244,302.09867388830514,2.5920271222833966
1760,305.80908970509756,-9.184857084603955,296.6242326204936,2.548409080875813
1800,301.13927734848704,-9.59546617743631,291.5438111710507,2.5094939779040586
1840,296.65152515736395,-9.823267745132934,286.82825741223104,2.4720960429780328
1880,292.1671328096427,-9.695076663088614,282.47205614655405,2.4347261067470223
1920,288.56695500607555,-10.122378733708608,278.44457627236693,2.4047246250506293
1960,281.67406666202135,-6.9070460948149535,274.7670205672064,2.347283888850178
2000,272.83099860661997,-0.9202022630846887,271.9107963435353,2.2735916550551662
2040,279.67962863456717,-10.705079264680787,268.9745493698864,2.330663571954726
2080,278.0838006296039,-12.251775910597235,265.83202471900665,2.317365005246699
2120,274.8874407812638,-11.975834692444508,262.9116060888193,2.2907286731771985
2160,272.13261315964263,-11.902744391320576,260.22986876832204,2.2677717763303553
2200,269.62423491678334,-11.866797451643079,257.75743746514024,2.246868624306528
2240,267.02564494108094,-11.5376189901057,255.48802595097524,2.2252137078423413
2280,264.5283771829582,-11.103032238083502,253.4253449448747,2.2044031431913185
2320,262.4490785437113,-10.9021625555851,251.54691598812622,2.187075654530928
2360,260.8334989443826,-11.016877048550908,249.8166218958317,2.1736124912031882
2400,259.3143021927919,-11.108289240663915,248.206012952128,2.1609525182732656
2440,257.6625838769478,-10.938783110703739,246.72380076624404,2.147188198974565
2480,256.1113739466955,-10.740008208380601,245.3713657383149,2.1342614495557957
2520,254.84734989029272,-10.713309944414268,244.13403994587844,2.1237279157524394
2560,253.79004472703662,-10.802645668876272,242.98739905816035,2.1149170393919716
2600,252.82276078012652,-10.900695435307753,241.92206534481875,2.106856339834388
2640,251.91632863310613,-10.983730153967244,240.9325984791389,2.0993027386092176
2680,251.05578487647884,-11.0422699456771,240.01351493080173,2.0921315406373235
2720,250.26555201385685,-11.10388406005586,239.161667953801,2.0855462667821403
2760,249.76049790805675,-11.397821867096317,238.36267604096042,2.0813374825671396
2800,248.65674615477926,-11.051869184608012,237.60487697017123,2.072139551289827
2840,245.63198780248192,-8.539910920174112,237.0920768823078,2.0469332316873494
2880,249.4847621181268,-13.037626981371655,236.44713513675515,2.0790396843177232
2920,249.09893723111503,-13.40455385988786,235.69438337122716,2.0758244769259586
2960,247.5264527430809,-12.501406223099337,235.02504651998157,2.062720439525674
3000,247.89785162360076,-13.468010804866477,234.42984081873428,2.065815430196673
3040,248.73152535693058,-14.98168761333239,233.7498377435982,2.072762711307755
3080,247.45911505714287,-14.36808885320874,233.09102620393412,2.0621592921428573
3120,245.23014712266425,-12.652837410462869,232.57730971220138,2.0435845593555353
3160,243.6548230178452,-11.413238386261582,232.2415846315836,2.0304568584820433
3200,245.43841804132268,-13.548522021952579,231.8898960193701,2.0453201503443554
3240,246.87239348841916,-15.485293361503189,231.38710012691598,2.0572699457368264
3280,245.0009734110498,-14.135266972852872,230.86570643819695,2.0416747784254152
3320,229.8063785800045,1.1913094141019442,230.99768799410643,1.9150531548333707
3360,242.14078440104726,-10.691457082772253,231.449327318275,2.017839870008727
3400,244.57752543345458,-13.466759064991802,231.11076636846278,2.038146045278788
3440,243.08498977151135,-12.28303177422179,230.80195799728955,2.025708248095928
3480,241.95503769449417,-11.35384943602244,230.60118825847172,2.0162919807874515
3520,241.23839858652,-10.764601086878189,230.4737974996418,2.010319988221
3560,240.79990125968823,-10.408151984390368,230.39174927529785,2.0066658438307354
3600,240.55264272578572,-10.21459814546007,230.33804458032566,2.004605356048214
3640,240.4400246099628,-10.141472275654985,230.2985523343078,2.0036668717496897
3680,240.42043650746933,-10.155812690681415,230.26462381678792,2.0035036375622446
3720,240.46750890285506,-10.24034206894466,230.2271668339104,2.003895907523792
3760,240.57884063457837,-10.395697805248268,230.1831428293301,2.00482367195482
3800,240.77576598517294,-10.647462418312397,230.12830356686055,2.0064647165431078
3840,241.0762129282118,-11.021431390968099,230.05478153724368,2.0089684410684314
3880,241.4495722890818,-11.49481271170112,229.95475957738068,2.0120797690756818
3920,241.7881569627883,-11.962981294049987,229.8251756687383,2.014901308023236
3960,241.91934619650675,-12.24465998831114,229.67468620819562,2.015994551637556
4000,241.6857533462471,-12.161011192079453,229.52474215416765,2.0140479445520594
4040,241.20536765125814,-11.796811289049804,229.40855636220834,2.0100447304271514
4080,241.11858760018353,-11.797785679762109,229.32080192042142,2.0093215633348627
4120,241.8857694032756,-12.678803232245045,229.20696617103056,2.0157147450272968
4160,242.7719654208814,-13.755445312746009,229.01652010813538,2.023099711840678
4200,242.55573055618322,-13.761718284639862,228.79401227154335,2.02129775463486
4240,241.46192716677643,-12.832757747041944,228.6291694197345,2.0121827263898036
4280,238.4691894457653,-9.852822552103763,228.61636689366154,1.9872432453813775
4320,240.8197797074821,-12.116716592427487,228.70306311505462,2.006831497562351
4360,242.88390573472242,-14.356589174312582,228.52731656040984,2.0240325477893535
4400,242.65179124966994,-14.350449821834914,228.30134142783504,2.0220982604139164
4440,242.24824160497758,-14.142301785322626,228.10593981965496,2.0187353467081466
4480,241.94929654188775,-14.0102381790474,227.93905836284034,2.0162441378490645
4520,241.61987436743271,-13.823875943552675,227.79599842388004,2.0134989530619394
4560,241.23853811462902,-13.558619383179115,227.6799187314499,2.010321150955242
4600,240.828086826958,-13.233169844365214,227.5949169825928,2.0069007235579837
4640,240.5545128528551,-13.011579898580763,227.54293295427436,2.0046209404404594
4680,240.59646015030717,-13.09732467097994,227.49913547932724,2.0049705012525596
4720,240.72754596102249,-13.281274097349696,227.4462718636728,2.0060628830085205
4760,240.75636594576508,-13.370524949685432,227.38584099607965,2.0063030495480425
4800,240.69883193180675,-13.371946008041128,227.32688592376562,2.005823599431723
4840,240.51020767596387,-13.231971824882287,227.27823585108158,2.0042517306330323
4880,240.1095153685744,-12.85615832870705,227.25335703986735,2.000912628071453
4920,239.71196857624267,-12.449565553516981,227.2624030227257,1.9975997381353556
4960,239.85310526567298,-12.566110099302438,227.28699516637053,1.9987758772139415
5000,240.47651835354284,-13.200810967400646,227.2757073861422,2.0039709862795236
5040,241.38968060806434,-14.185923806912331,227.203756801152,2.0115806717338693
5080,242.13778220633833,-15.079458913824784,227.05832329251353,2.017814851719486
5120,242.8926434996829,-16.03541832197608,226.85722517770682,2.0241053624973575
5160,242.5451607622907,-15.914905439737014,226.63025532255367,2.021209673019089
5200,241.5496901859533,-15.086284183703821,226.46340600224949,2.012914084882944
5240,240.52831444916515,-14.147711615011934,226.38060283415322,2.0044026204097096
5280,240.06390473760936,-13.703146399507482,226.36075833810187,2.000532539480078
5320,239.90515893966682,-13.54319586760536,226.36196307206146,1.999209657830557
5360,239.58531715304483,-13.20281827392261,226.3824988791222,1.996544309608707
5400,239.2428593178892,-12.813751193993138,226.42910812389607,1.9936904943157434
5440,239.05643020366307,-12.55725988270718,226.4991703209559,1.9921369183638589
5480,239.10141119633357,-12.523422126524117,226.57798906980946,1.9925117599694464
5520,239.31918167070188,-12.677057419997775,226.64212425070411,1.9943265139225157
5560,239.5607313792074,-12.874784905081428,226.68594647412596,1.9963394281600617
5600,239.76966971794621,-13.055762791382005,226.71390692656422,1.9980805809828852
5640,239.94242214493516,-13.217601785026822,226.72482035990834,1.9995201845411263
5680,239.9924403623151,-13.266833021138336,226.72560734117678,1.9999370030192927
5720,239.67899265496908,-12.944741145925455,226.73425150904362,1.997324938791409
5760,238.8733788868021,-12.084676925986605,226.7887019608155,1.9906114907233508
5800,238.3079539595535,-11.40042719025172,226.90752676930177,1.9858996163296123
5840,238.8856284453544,-11.857706727686463,227.02792171766794,1.9907135703779533
5880,240.0072646410044,-12.935459694850806,227.0718049461536,2.000060538675037
5920,240.54098248347634,-13.496600744857354,227.044381738619,2.004508187362303
5960,240.69658612376202,-13.699845682904119,226.9967404408579,2.0058048843646836
6000,241.10172573207853,-14.17964243515019,226.92208329692835,2.009181047767321
6040,236.87116168063542,-9.921948416635523,226.9492132639999,1.9739263473386286
6080,241.3285635217506,-14.289015790993625,227.03954773075696,2.011071362681255
6120,240.58748344598646,-13.643136057300849,226.94434738868563,2.0048956953832207
6160,240.65927663160664,-13.74947701541726,226.9097996161894,2.0054939719300555
6200,241.2120798833531,-14.384626093722826,226.82745378963028,2.010100665694609
6240,240.79777578135764,-14.055963289668261,226.7418124916894,2.0066481315113136
6280,240.48209033983147,-13.789092936460612,226.69299740337087,2.0040174194985956
6320,240.59090416408623,-13.938608117081762,226.65229604700446,2.0049242013673854
6360,240.88277466359293,-14.289158427251383,226.59361623634155,2.007356455529941
6400,241.24599792006214,-14.73628769541401,226.50971022464813,2.010383316000518
6440,241.6086427702968,-15.2164809501891,226.3921618201077,2.01340535641914
6480,233.87578123379132,-7.4681443537022965,226.40763688008903,1.9489648436149276
6520,223.46640015342268,4.411429136499942,227.87782928992263,1.8622200012785224
6560,242.70690930246434,-14.553271480114727,228.15363782234962,2.022557577520536
6600,242.28496785777247,-14.348441558440781,227.9365262993317,2.0190413988147706
6640,241.50176234678645,-13.71386799365025,227.7878943531362,2.0125146862232204
6680,241.36254521146287,-13.685427327913033,227.67711788354984,2.0113545434288573
6720,241.6214448365533,-14.059588445595946,227.56185639095736,2.0135120403046107
6760,241.74837043320474,-14.322503182427665,227.4258672507771,2.0145697536100395
6800,241.97244969523075,-14.695108626334957,227.2773410688958,2.0164370807935894
6840,241.8549738382939,-14.73413829157649,227.1208355467174,2.015458115319116
6880,241.42736188529935,-14.439993094652245,226.9873687906471,2.0118946823774944
6920,241.0352602688215,-14.14560868817164,226.88965158064985,2.008627168906846
6960,240.75635517493936,-13.937354672537197,226.81900050240216,2.0063029597911615
7000,240.5596207390085,-13.792645645603956,226.76697509340454,2.004663506158404
7040,240.43475176988693,-13.707606837468644,226.7271449324183,2.0036229314157246
7080,240.36162138375502,-13.666285985975726,226.6953353977793,2.0030135115312917
7120,240.25114080993546,-13.580296985663788,226.67084382427169,2.0020928400827955
7160,240.20473649340005,-13.551389473401487,226.65334701999856,2.0017061374450003
7200,239.08419622411742,-12.424423653195737,226.6597725709217,1.9923683018676452
7240,235.36936303069098,-8.46792369992404,226.90143933076695,1.9614113585890915
7280,240.06184208210647,-12.974662448042118,227.08717963406434,2.0005153506842204
7320,241.2189164436487,-14.195006217125169,227.02391022652353,2.0101576370304057
7360,241.30862196553295,-14.389434052855222,226.91918791267773,2.0109051830461078
7400,240.50945877972623,-13.669548271736877,226.83991050798934,2.0042454898310518
7440,240.57319908067126,-13.763358349680141,226.8098407309911,2.0047766590055938
7480,240.57776137123187,-13.823269825547372,226.7544915456845,2.004814678093599
7520,240.28047044309994,-13.553451514656603,226.72701892844333,2.0023372536924997
7560,240.20452196791166,-13.502545470650057,226.7019764972616,2.0017043497325973
7600,239.8398618632974,-13.137682231315399,226.70217963198198,1.9986655155274782
7640,239.8604143018567,-13.143309657365876,226.71710464449083,1.9988367858488059
7680,240.07884177114158,-13.35757366224749,226.7212681088941,2.000657014759513
7720,240.23352283278174,-13.525007463813866,226.70851536896788,2.0019460236065147
7760,240.23035348859005,-13.541699132649713,226.68865435594034,2.001919612404917
7800,239.9831744389725,-13.305734724890844,226.67743971408166,1.9998597869914374
7840,239.40413709802624,-12.701951552918402,226.70218554510785,1.9950344758168854
7880,238.6632776888215,-11.884301111320015,226.77897657750148,1.9888606474068458
7920,238.29858897105294,-11.394067223237462,226.90452174781547,1.9858215747587744
7960,238.4140426528076,-11.37654639099432,227.0374962618133,1.9867836887733967
8000,238.58356188520665,-11.428456539240178,227.15510534596646,1.9881963490433887
8040,238.87785603286494,-11.62068337559224,227.2571726572727,1.9906488002738745
8080,239.2527257465341,-11.922870109563064,227.32985563697105,1.9937727145544508
8120,239.33342015691582,-11.949652557568108,227.38376759934772,1.9944451679742985
8160,239.21678887717957,-11.774240648610787,227.44254822856877,1.993473240643163
8200,239.09067867133348,-11.58064733101162,227.51003134032186,1.9924223222611124
8240,239.03380536382429,-11.447018925364926,227.58678643845937,1.991948378031869
8280,239.0562698810599,-11.392567128768642,227.66370275229127,1.9921355823421658
8320,239.14573568398973,-11.409627455365328,227.7361082286244,1.9928811306999143
8360,239.29047906386234,-11.491320056197804,227.79915900766454,1.994087325532186
8400,239.4942916366944,-11.6462840618684,227.848007574826,1.99578576363912
8440,239.77910655967753,-11.900964981914733,227.8781415777628,1.998159221330646
8480,240.15854539617598,-12.276406139049273,227.8821392571267,2.0013212116348
8520,240.58985671270534,-12.737180596996414,227.85267611570893,2.004915472605878
8560,240.40519844899862,-12.606006027977436,227.7991924210212,2.0033766537416553
8600,231.47387555180453,-3.469271950046169,228.00460360175836,1.9289489629317045
8640,235.30491033504336,-6.483030092737248,228.82188024230612,1.960874252792028
8680,243.5047051036964,-14.744244336503101,228.7604607671933,2.029205875864137
8720,243.10048824250347,-14.618300610560146,228.48218763194333,2.0258374020208625
8760,242.8319478705172,-14.578797463975242,228.25315040654198,2.0235995655876433
8800,243.25358152825694,-15.245806970423047,228.0077745578339,2.027113179402141
8840,243.69409825025286,-15.961954650236164,227.7321436000167,2.0307841520854404
8880,243.83133181598652,-16.412107474047875,227.41922434193864,2.031927765133221
8920,243.10067048478297,-15.945492212687638,227.15517827209533,2.0258389207065246
8960,245.61782035576508,-18.801412163099265,226.81640819266582,2.0468151696313757
9000,246.95374024264908,-20.651681899510724,226.30205834313836,2.057947835355409
9040,246.67930337407006,-20.930123830249954,225.7491795438201,2.055660861450584
9080,245.364713686224,-20.10462423268151,225.2600894535425,2.0447059473852
9120,243.90071134026215,-19.00912687547433,224.89158446478783,2.0325059278355178
9160,243.4273173907855,-18.8237042330637,224.6036131577218,2.0285609782565457
9200,243.1989361838401,-18.863102600940945,224.33583358289914,2.026657801532001
9240,242.66986419974592,-18.57183281290147,224.09803138684444,2.022248868331216
9280,241.80787451761,-17.893914401660112,223.9139601159499,2.0150656209800832
9320,236.37016584579962,-12.473281881144008,223.89688396465561,1.9697513820483301
9360,220.80913810825683,4.191532649949178,225.000670758206,1.8400761509021402
9400,240.78418008245538,-15.17517001208165,225.60901007037373,2.0065348340204614
9440,242.41445031690515,-16.971880784958636,225.4425695319465,2.020120419307543
9480,241.8263530821575,-16.554843971204033,225.27150911095347,2.0152196090179793
9520,240.95882421877417,-15.801902863890337,225.15692135488382,2.007990201823118
9560,239.9407077737727,-14.822287714893275,225.11842005887942,1.9995058981147724
9600,239.47605078264712,-14.330246349334917,225.1458044333122,1.9956337565220594
9640,239.4823331911344,-14.293095358895908,225.1892378322385,1.9956861099261198
9680,239.29226340054748,-14.055572119335409,225.23669128121207,1.9941021950045623
9720,238.92152786813602,-13.613812809529154,225.30771505860687,1.9910127322344668
9760,238.51888076494237,-13.109079297447556,225.40980146749482,1.987657339707853
9800,238.16691915890812,-12.623264782631903,225.5436543762762,1.9847243263242342
9840,237.94124409072055,-12.241267598733117,225.69997649198743,1.9828437007560045
9880,237.91585488974926,-12.048855925050674,225.86699896469858,1.982632124081244
9920,238.0887370177923,-12.061050047151847,226.02768697064047,1.9840728084816026
9960,238.40411013018203,-12.234528474819985,226.16958165536204,1.986700917751517
10000,238.78959515987253,-12.50736352066566,226.28223163920688,1.9899132929989378
10040,237.90855101182353,-11.512971937897962,226.39557907392557,1.9825712584318629
10080,238.451744298003,-11.864237584049679,226.58750671395333,1.987097869150025
10120,240.0686724061124,-13.440952759182803,226.6277196469296,2.0005722700509367
10160,240.34133934574186,-13.733298548531543,226.60804079721032,2.002844494547849
10200,240.6253347039863,-14.057212664471507,226.5681220395148,2.005211122533219
10240,240.73900942550648,-14.2264822240925,226.51252720141397,2.0061584118792206
10280,240.15003105617677,-13.680923650350149,226.46910740582663,2.001250258801473
10320,238.6859754427552,-12.172584925913428,226.51339051684175,1.9890497953562933
10360,238.2604716003314,-11.610218843325953,226.65025275700546,1.9855039300027617
10400,240.0542529298878,-13.326943592098964,226.72730933778885,2.000452107749065
10440,241.77036391155053,-15.120855759558765,226.64950815199177,2.0147530325962544
10480,242.45195601471525,-15.979012347886574,226.47294366682868,2.020432966789294
10520,242.6228275906856,-16.35578216153891,226.2670454291467,2.0218568965890467
10560,242.74012170365728,-16.68675043010099,226.05337127355628,2.0228343475304773
10600,242.09443622528417,-16.24881873593695,225.8456174893472,2.0174536352107015
10640,235.9103792127525,-10.049374944962343,225.86100426779015,1.9659198267729374
10680,235.91027312557117,-9.557689538995447,226.35258358657572,1.965918942713093
10720,239.5096525479063,-13.125367465849614,226.3842850820567,1.9959137712325525
10760,243.2141144433612,-16.74838195393351,226.4657324894277,2.02678428702801
10800,244.6104296703791,-18.508747140816535,226.10168252956257,2.038420247253159
10840,243.58002807625746,-17.806264948343177,225.7737631279143,2.0298335673021457
10880,241.6388565884659,-16.0837390270065,225.55511756145938,2.0136571382372157
10920,240.4102011597056,-14.914165478076157,225.49603568162945,2.0034183429975467
10960,241.2863990594139,-15.859428715546676,225.42697034386723,2.0107199921617824
11000,241.13692476948984,-15.811744751853764,225.3251800176361,2.009474373079082
11040,240.51971646891934,-15.26258797524325,225.25712849367608,2.004330970574328
11080,239.96195524799543,-14.72403787965992,225.2379173683355,1.999682960399962
11120,239.81401305421392,-14.562991708507107,225.25102134570682,1.9984501087851159
11160,240.08415224988332,-14.828198911767693,225.25595333811563,2.0007012687490278
11200,240.23830670722796,-14.995810883339733,225.24249582388822,2.0019858892268996
11240,240.14867422151815,-14.922237151997287,225.22643706952087,2.0012389518459845
11280,239.89336591951906,-14.668520455130466,225.22484546438858,1.9991113826626588
11320,239.49600678016358,-14.246674981426569,225.24933179873702,1.9958000565013632
11360,238.95896176743707,-13.647298739349171,225.3116630280879,1.991324681395309
11400,238.39514130369156,-12.977071282305088,225.41807002138648,1.986626177530763
11440,238.14315114611367,-12.581508692759586,225.56164245335407,1.9845262595509472
11480,238.46071778433335,-12.761415469079695,225.69930231525365,1.987172648202778
11520,238.8475708835078,-13.043969376241066,225.80360150726676,1.9903964240292318
11560,237.94035286208168,-12.019450159089848,225.92090270299184,1.9828362738506806
11600,237.8798683965265,-11.767288465558167,226.1125799309683,1.9823322366377207
11640,239.6936689178387,-13.49158437280605,226.20208454503265,1.997447240981989
11680,240.0470858015903,-13.839406458266069,226.20767934332423,2.000392381679919
11720,239.74077184485705,-13.528318417456065,226.212453427401,1.9978397653738087
11760,239.3487301557853,-13.09765172947791,226.25107842630737,1.9945727512982108
11800,239.89106146268915,-13.601813784343005,226.28924767834616,1.999092178855743
11840,233.1657180983421,-6.768864605439561,226.39685349290252,1.9430476508195176
11880,240.5211888660256,-13.804354917212308,226.7168339488133,2.0043432405502135
11920,239.7262046024499,-13.026839833236632,226.69936476921328,1.9977183716870826
11960,239.0259880745903,-12.273600006920256,226.75238806767004,1.991883233954919
12000,238.95729555266763,-12.119196378870146,226.83809917379747,1.9913107962722303
12040,239.77649909545568,-12.881586683232104,226.89491241222356,1.9981374924621307
12080,240.39897307913606,-13.5165156368286,226.88245744230744,2.003324775659467
12120,240.2026815607484,-13.35112354389557,226.85155801685283,2.001689013006237
12160,239.2735368548799,-12.40607095502649,226.8674658998534,1.9939461404573324
12200,236.8843422304398,-9.876715332886866,227.00762689755294,1.9740361852536652
12240,234.23518938492586,-6.8557299333263115,227.37945945159956,1.9519599115410489
12280,236.5918057248776,-8.818307155839596,227.773498569038,1.9715983810406466
12320,239.0415554934338,-11.10734411922286,227.93421137421095,1.9920129624452818
12360,239.5393713281237,-11.553440764834688,227.98593056328903,1.9961614277343642
12400,239.39659055516256,-11.3673368810628,228.02925367409975,1.994971587959688
12440,239.1746881091686,-11.087054399176614,228.087633709992,1.9931224009097384
12480,238.9988035496861,-10.838673391900784,228.16013015778532,1.9916566962473843
12520,238.86482461405978,-10.6163802965394,228.24844431752038,1.9905402051171648
12560,238.73714933507785,-10.391498033474363,228.34565130160348,1.989476244458982
12600,238.61779303180097,-10.167374962599013,228.45041806920196,1.9884816085983414
12640,238.60046331148223,-10.03557157480012,228.5648917366821,1.988337194262352
12680,238.79127505679955,-10.117787356308025,228.67348770049153,1.9899272921399962
12720,239.11710385640117,-10.359164399001415,228.75793945739974,1.9926425321366765
12760,239.3512694156559,-10.534914789625105,228.8163546260308,1.9945939117971325
12800,239.39003510786907,-10.523637762515452,228.86639734535362,1.9949169592322422
12840,239.4223831751055,-10.50624523444666,228.91613794065884,1.9951865264592124
12880,239.523574374877,-10.566404869475182,228.95716950540182,1.9960297864573084
12920,239.38874683486324,-10.390060438650096,228.99868639621315,1.9949062236238604
12960,239.19641840556332,-10.139684642345767,229.05673376321755,1.9933034867130277
13000,239.4561459179771,-10.341708093562309,229.11443782441478,1.9954678826498091
13040,239.77744415990387,-10.63092986288407,229.1465142970198,1.998145367999199
13080,239.87916698478796,-10.718412304664383,229.16075468012357,1.9989930582065663
13120,239.8762662936404,-10.70483236684024,229.17143392680018,1.9989688857803367
13160,239.8632943548066,-10.681078602308478,229.18221575249814,1.9988607862900551
13200,239.87670948052124,-10.683280417668387,229.19342906285286,1.9989725790043438
13240,239.93872658902714,-10.738308002297357,229.2004185867298,1.999489388241893
13280,240.0436388596085,-10.841072955531102,229.2025659040774,2.0003636571634043
13320,240.07836401825543,-10.88224796195577,229.19611605629967,2.0006530334854618
13360,239.80284413067403,-10.605158101638139,229.19768602903588,1.9983570344222836
13400,239.09218620066514,-9.853323331280745,229.2388628693844,1.9924348850055429
13440,238.42185727239047,-9.080237823354345,229.34161944903613,1.9868488106032538
13480,238.64266114566283,-9.17557159769132,229.4670895479715,1.9886888428805236
13520,239.58712717931053,-10.046082430706988,229.54104474860355,1.9965593931609211
13560,240.4443941038515,-10.905905226940105,229.5384888769114,2.0037032841987625
13600,240.90786158989943,-11.424433630611883,229.48342795928755,2.007565513249162
13640,240.51525214719595,-11.100235116516973,229.41501703067897,2.0042937678932997
13680,239.00161321419705,-9.55618499792863,229.44542821626843,1.9916801101183088
13720,240.73285578494531,-11.275869739758107,229.4569860451872,2.006107131541211
13760,240.92287743789302,-11.538673061731028,229.384204376162,2.0076906453157752
13800,240.7455767036143,-11.426432264708197,229.3191444389061,2.006213139196786
13840,240.79486351641532,-11.534011034428909,229.2608524819864,2.0066238626367943
13880,241.12883043576514,-11.94742207598414,229.181408359781,2.009406920298043
13920,225.99785475286967,3.4150368663679416,229.4128916192376,1.8833154562739138
13960,241.92554867799603,-11.962852266905038,229.962696411091,2.0160462389833005
14000,242.17603225806306,-12.399158530398978,229.77687372766408,2.0181336021505256
14040,241.45465701823053,-11.823333913367007,229.63132310486353,2.0121221418185877
14080,241.22016185289874,-11.688147459269295,229.53201439362945,2.010168015440823
14120,241.65706457382268,-12.240219623431429,229.41684495039124,2.0138088714485223
14160,241.8302787157665,-12.552054871183962,229.27822384458253,2.0152523226313876
14200,241.6645829076914,-12.528269372898583,229.1363135347928,2.0138715242307614
14240,241.02429597954892,-11.998782883842775,229.02551309570615,2.0085357998295743
14280,240.61320795748986,-11.64861723763622,228.96459071985365,2.0051100663124157
14320,241.28896661102578,-12.39503517810424,228.89393143292153,2.010741388425215
14360,241.7574741712108,-12.994889481903598,228.76258468930718,2.0146456180934234
14400,241.32323765746702,-12.690029294007324,228.6332083634597,2.0110269804788916
14440,240.6218285484316,-12.067255173992386,228.55457337443923,2.0051819045702635
14480,240.32348780300788,-11.804859426624528,228.51862837638336,2.002695731691732
14520,240.4397399113284,-11.949357604962492,228.4903823063659,2.00366449926107
14560,240.47430110665726,-12.024069721416456,228.4502313852408,2.003952509222144
14600,240.18201808472676,-11.759223274081338,228.42279481064543,2.001516817372723
14640,239.91898771551593,-11.500831116765267,228.41815659875067,1.9993248976292994
14680,240.19747570939555,-11.779289064616124,228.4181866447794,2.0016456309116295
14720,240.7770713734075,-12.39697484356822,228.38009652983928,2.006475594778396
14760,241.15626558845193,-12.855890479576768,228.30037510887516,2.0096355465704328
14800,241.26390368169166,-13.063203831747291,228.20069984994436,2.0105325306807638
14840,241.2330391122316,-13.132332223275478,228.10070688895613,2.0102753259352633
14880,241.16182539650117,-13.157079933173563,228.0047454633276,2.0096818783041765
14920,241.0812930165659,-13.166763289397341,227.91452972716854,2.0090107751380493
14960,240.97187428220687,-13.13899175078119,227.83288253142567,2.008098952351724
15000,240.762418105718,-12.999870102313892,227.7625480034041,2.006353484214317
15040,240.3672949705363,-12.65125308574336,227.71604188479296,2.003060791421136
15080,239.8499681732692,-12.14200354938867,227.7079646238805,1.9987497347772432
15120,239.47583558771038,-11.739798984427367,227.73603660328303,1.9956319632309198
15160,239.49187187489747,-11.712120335457536,227.77975153943993,1.995765598957479
15200,239.82664923364678,-12.019137285942328,227.80751194770446,1.9985554102803897
15240,239.76106161555808,-11.93956580255264,227.82149581300544,1.9980088467963173
15280,238.9093618019811,-11.038122379376121,227.871239422605,1.9909113483498426
15320,238.43486165371712,-10.448339251912675,227.98652240180445,1.9869571804476427
15360,239.49999458392338,-11.423064315266945,228.07693026865644,1.9958332881993615
15400,240.34533082328642,-12.2696139918121,228.07571683147432,2.00287775686072
15440,240.01384892619748,-11.960208788391117,228.05364013780635,2.0001154077183125
15480,239.07503050225324,-10.984192018265706,228.09083848398754,1.9922919208521104
15520,239.10926486358449,-10.935897234765884,228.1733676288186,1.9925772071965373
15560,239.5493247495462,-11.323959334335502,228.2253654152107,1.996244372912885
15600,239.47779748107553,-11.215929318803836,228.2618681622717,1.9956483123422961
15640,239.12530638015372,-10.809531988869415,228.3157743912843,1.992710886501281
15680,238.74223425366836,-10.340501552203037,228.40173270146533,1.9895186187805696
15720,238.58986736624564,-10.081175569001783,228.50869179724387,1.9882488947187136
15760,238.6706061608284,-10.052733390254463,228.61787277057394,1.9889217180069034
15800,238.74276818634712,-10.02234658182087,228.72042160452625,1.9895230682195593
15840,238.73727302958298,-9.91669858907771,228.82057444050528,1.9894772752465248
15880,238.71366054243484,-9.789592766454803,228.92406777598003,1.9892805045202904
15920,238.7236511732135,-9.694395512164276,229.02925566104923,1.9893637597767793
15960,238.78783283379482,-9.658179747062746,229.12965308673208,1.9898986069482902
16000,238.90659623114806,-9.68301339231435,229.2235828388337,1.9908883019262338
16040,239.0720513617396,-9.766823049919726,229.30522831181986,1.9922670946811634
16080,239.28036929571672,-9.90712972359984,229.3732395721169,1.994003077464306
16120,239.5503444453875,-10.130494424894746,229.41985002049276,1.9962528703782292
16160,239.8914997425557,-10.449696943984792,229.4418027985709,1.9990958311879643
16200,239.9996513064159,-10.556742097449277,229.44290920896663,1.9999970942201324
16240,238.51659594724595,-9.033325361817903,229.48327058542804,1.987638299560383
16280,235.8093367983845,-6.085092386748688,229.7242444116358,1.9650778066532042
16320,238.3917992600429,-8.403830759790191,229.9879685002527,1.986598327167024
16360,240.61508834655476,-10.60242272710533,230.01266561944942,2.0051257362212898
16400,240.72350214700285,-10.770822049552986,229.95268009744987,2.006029184558357
16440,240.4526597864984,-10.547434921255647,229.90522486524276,2.003772164887487
16480,240.29368391816334,-10.4174991557718,229.87618476239155,2.0024473659846946
16520,240.00144041791216,-10.1403530431797,229.86108737473245,2.000012003482601
16560,239.08591334260274,-9.191452624540736,229.894460718062,1.9923826111883562
16600,239.2816557073512,-9.308965908017221,229.97268979933398,1.99401379756126
16640,240.1960132029365,-10.206373518969746,229.98963968396677,2.0016334433578042
16680,240.32613271541402,-10.361017959070947,229.96511475634307,2.00271777262845
16720,240.1555031652523,-10.211669268661712,229.94383389659058,2.001295859710436
16760,239.92494915044242,-9.984922864175706,229.94002628626671,1.9993745762536868
16800,239.60127244042562,-9.64348911075094,229.95778332967467,1.9966772703368802
16840,239.1819322057119,-9.177114618599157,230.00481758711274,1.9931827683809324
16880,238.9399366485683,-8.85927077951796,230.08066586905034,1.9911661387380692
16920,239.17290336123654,-9.013347884871738,230.1595554763648,1.9931075280103046
16960,239.6887376880356,-9.482735423116678,230.2060022649189,1.9974061474002966
17000,240.1024341888973,-9.890982283417397,230.2114519054799,2.0008536182408108
17040,240.34311128006416,-10.148523002349748,230.19458827771442,2.0028592606672015
17080,240.58823406647048,-10.431755363544596,230.15647870292588,2.0049019505539207
17120,237.90887849817463,-7.738011041273432,230.1708674569012,1.9825739874847885
17160,240.79975614832472,-10.510201329745001,230.28955481857972,2.006664634569373
17200,241.53986086704214,-11.365733359651577,230.17412750739055,2.0128321738920176
17240,240.5177183204407,-10.43683480770509,230.08088351273562,2.004314319337006
17280,237.51553412836716,-7.372581465425614,230.14295266294155,1.979296117736393
17320,236.4827497263936,-6.060183662437902,230.42256606395568,1.9706895810532798
17360,239.74427241439457,-9.168185059090737,230.57608735530383,1.9978689367866214
17400,241.1107262317764,-10.57882779049126,230.53189844128514,2.00925605193147
17440,241.2334902188705,-10.798860945618745,230.43462927325174,2.010279085157254
17480,241.0750973808205,-10.733008490192754,230.34208889062774,2.008959144840171
17520,240.79617217652873,-10.529766075501016,230.2664061010277,2.006634768137739
17560,240.4077772802432,-10.190323677619693,230.21745360262352,2.0033981440020265
17600,240.1308910458778,-9.932619439882487,230.19827160599533,2.0010907587156486
17640,240.41598173539427,-10.235719222631303,230.18026251276297,2.003466514461619
17680,241.2690346347049,-11.154523697788385,230.1145109369165,2.0105752886225408
17720,242.07220174600926,-12.092487008244266,229.979714737765,2.0172683478834106
17760,242.12288439669229,-12.317785130966971,229.80509926572532,2.017690703305769
17800,241.19071233390622,-11.522168263326602,229.66854407057963,2.009922602782552
17840,241.22522556853454,-11.637938764843874,229.58728680369066,2.010210213071121
17880,242.3173264051305,-12.870145888198834,229.44718051693167,2.0193110533760876
17920,242.44452728245534,-13.19480069061309,229.24972659184226,2.0203710606871277
17960,241.87467920906715,-12.797972986943702,229.07670622212345,2.015622326742226
18000,241.42842394904625,-12.481386396275742,228.9470375527705,2.0119035329087187
18040,241.10216957688505,-12.259116974372894,228.84305260251216,2.009184746474042
18080,238.3443658375091,-9.51273632201749,228.83162951549158,1.986203048645909
18120,237.17084671902904,-8.076675857157301,229.09417086187173,1.9764237226585755
18160,240.25066593029754,-11.080996850171495,229.16966908012606,2.0020888827524796
18200,240.34455016430928,-11.207952285971787,229.13659787833748,2.002871251369244
18240,240.00442132631088,-10.881819861323672,229.1226014649872,2.000036844385924
18280,239.6586075935562,-10.522176663423696,229.13643093013252,1.997155063279635
18320,239.4168500795831,-10.243845984015493,229.1730040955676,1.9951404173298593
18360,239.1382515727869,-9.90990989007459,229.2283416827123,1.9928187631065577
18400,238.76908917272996,-9.458655651791117,229.31043352093886,1.9897424097727496
18440,238.46961604299187,-9.048825773331597,229.42079026966027,1.9872468003582655
18480,238.35381794866925,-8.804929770077763,229.54888817859148,1.9862818162389104
18520,238.34386597662237,-8.662805431537066,229.6810605450853,1.9861988831385198
18560,238.3127190994556,-8.498088423876865,229.8146306755787,1.9859393258287965
18600,238.20840590512637,-8.256392325836224,229.95201357929014,1.9850700492093865
18640,238.04546944461327,-7.943485512970997,230.10198393164228,1.9837122453717773
18680,237.87867731569173,-7.6124188116504925,230.26625850404125,1.9823223109640977
18720,237.79339753058682,-7.352976805019466,230.44042072556735,1.9816116460882234
18760,237.85940423697377,-7.243930722328686,230.6154735146451,1.9821617019747815
18800,238.07165323893938,-7.292001547175686,230.7796516917637,1.9839304436578282
18840,238.37143203430202,-7.448390551289627,230.92304148301238,1.9864286002858502
18880,238.72259180483758,-7.6811664657173235,231.04142533912025,1.9893549317069799
18920,239.13487838543796,-8.00644393951093,231.12843444592704,1.992790653211983
18960,239.61271810784888,-8.432014913531184,231.1807031943177,1.9967726508987407
19000,239.99399051878942,-8.798590200923991,231.19540031786542,1.9999499209899119
19040,239.49998909230953,-8.295607759200447,231.2043813331091,1.9958332424359129
19080,237.29398823153696,-5.968928960976661,231.3250592705603,1.9774499019294747
19120,237.86442627262608,-6.307299736232004,231.55712653639407,1.982203552271884
19160,240.78635657590416,-9.182575528213334,231.60378104769083,2.006552971465868
19200,241.6078052585886,-10.10994700906584,231.49785824952275,2.013398377154905
19240,241.36281230603728,-9.986126541059484,231.3766857649778,2.0113567692169774
19280,241.29957723217376,-10.02765899783289,231.27191823434086,2.0108298102681146
19320,241.65905856864933,-10.505062341539828,231.1539962271095,2.0138254880720776
19360,241.81993472898836,-10.806387125850675,231.01354760313768,2.0151661227415696
19400,241.73262732500856,-10.862241009050368,230.8703863159582,2.014438561041738
19440,241.47128521593373,-10.728588440928924,230.74269677500482,2.012260710132781
19480,241.04828004440583,-10.408100679895846,230.64017936450998,2.0087356670367154
19520,240.60865238184022,-10.033712454226052,230.57493992761417,2.005072103182002
19560,240.320366474303,-9.783993320748252,230.53637315355473,2.0026697206191915
19600,239.8317891417634,-9.304964191401645,230.52682495036177,1.9985982428480285
19640,239.07611302770277,-8.506801805144688,230.5693112225581,1.992300941897523
19680,238.95233394694176,-8.297675898787045,230.65465804815472,1.991269449557848
19720,239.56990099200857,-8.853717350513008,230.71618364149555,1.9964158416000715
19760,240.09531407894062,-9.369173556802817,230.7261405221378,2.000794283991172
19800,240.18554532956648,-9.475328714523721,230.71021661504275,2.0015462110797206
19840,240.0349915310232,-9.335472589756758,230.69951894126643,2.00029159609186
19880,239.8144585770355,-9.106632229667424,230.7078263473681,1.9984538214752958
19920,239.59887172421855,-8.868454180733814,230.73041754348475,1.996657264368488
19960,239.4222462887606,-8.651876217045666,230.77037007171492,1.9951853857396715
20000,239.30629036166826,-8.483551166610429,230.82273919505784,1.9942190863472355
20040,239.26276610796842,-8.379573050212077,230.88319305775633,1.99385638423307
20080,239.29278125869737,-8.350585424604038,230.94219583409333,1.994106510489145
20120,239.38567855275323,-8.390175052984915,230.99550349976832,1.994880654606277
20160,239.5147323125308,-8.474726261719026,231.0400060508118,1.9959561026044235
20200,239.62969319202188,-8.554901707234965,231.0747914847869,1.9969141099335157
20240,239.66000099102735,-8.55768747226753,231.10231351875981,1.997166674925228
20280,239.56688002961232,-8.435566239093006,231.1313137905193,1.996390666913436
20320,239.48550841314983,-8.315925020479252,231.16958339267057,1.995712570109582
20360,239.72817993922465,-8.523747029552933,231.2044329096717,1.997734832826872
20400,240.37401829618193,-9.172700129854817,231.2013181663271,2.0031168191348496
20440,241.11603226084537,-9.974191089417626,231.14184117142776,2.009300268840378
20480,241.6046560283225,-10.574385584615634,231.03027044370685,2.013372133569354
20520,241.4726428090573,-10.570756739328452,230.90188606972885,2.0122720234088107
20560,239.61772491072702,-8.780518515879391,230.83720639484764,1.9968143742560585
20600,238.04399171055132,-7.0600047672585315,230.9839869432928,1.983699930921261
20640,240.9485730791352,-9.946642105846724,231.00193097328847,2.00790477565946
20680,240.1578564930438,-9.212624605471953,230.94523188757185,2.001315470775365
20720,239.68076353929098,-8.719253087279117,230.96151045201185,1.9973396961607581
20760,240.04904338369857,-9.076827851975295,230.9722155317233,2.000408694864155
20800,239.88340866515875,-8.910491430476664,230.9729172346821,1.9990284055429897
20840,239.6357670525885,-8.642532695310933,230.99323435727757,1.9969647254382374
20880,239.62475336840455,-8.600770895450456,231.0239824729541,1.9968729447367046
20920,239.53011330367482,-8.473388845549733,231.0567244581251,1.9960842775306236
20960,239.30007091002744,-8.19570738509949,231.10436352492795,1.994167257583562
21000,239.13867352671627,-7.971955983495537,231.16671754322073,1.9928222793893022
21040,239.0734224839119,-7.834577987864407,231.2388444960475,1.992278520699266
21080,239.041334806103,-7.72784633084011,231.3134884752629,1.9920111233841917
21120,239.00025959834176,-7.608955844931493,231.39130375341026,1.9916688299861813
21160,238.94524514571674,-7.4718917929694895,231.47335335274724,1.991210376214306
21200,238.91965399182948,-7.361320242546447,231.55833374928304,1.990997116598579
21240,239.0230811559421,-7.382443310158396,231.6406378457837,1.9918590096328508
21280,239.28446436007104,-7.5752019058467726,231.70926245422427,1.994037203000592
21320,239.64613287927483,-7.894479099879634,231.75165377939518,1.9970511073272903
21360,239.96517745955882,-8.198712490373754,231.76646496918505,1.9997098121629902
21400,240.1056986076161,-8.34457957000167,231.76111903761444,2.000880821730134
21440,240.2733553280499,-8.52421739571415,231.74913793233574,2.0022779610670822
21480,240.63037061489518,-8.916160247380457,231.71421036751474,2.0052530884574598
21520,240.90931129431345,-9.257344428884737,231.6519668654287,2.0075775941192786
21560,241.0926260806415,-9.522090421535548,231.57053565910596,2.0091052173386794
21600,241.18633137109816,-9.706702489456607,231.47962888164156,2.0098860947591515
21640,240.9407996000285,-9.550213799022606,231.3905858010059,2.0078399966669043
21680,240.0350586884129,-8.6886034183435,231.3464552700694,2.000292155736774
21720,239.65801348399907,-8.289479307907179,231.36853417609188,1.9971501123666588
21760,240.2642756602931,-8.89348701537854,231.37078864491457,2.002202297169109
21800,240.37616773603867,-9.034994105752542,231.34117363028614,2.0031347311336556
21840,240.42181871549985,-9.112103374752564,231.3097153407473,2.0035151559624986
21880,240.597830471184,-9.326513763899925,231.2713167072841,2.0049819205932002
21920,240.97047342035648,-9.75848709458681,231.2119863257697,2.0080872785029706
21960,241.37579554537376,-10.259585972558948,231.11620957281482,2.0114649628781147
22000,241.51338603619473,-10.515123227601446,230.9982628085933,2.0126115503016226
22040,241.37594995676506,-10.49536736856665,230.8805825881984,2.011466249639709
22080,241.26657769820673,-10.489254679604027,230.77732301860271,2.010554814151723
22120,241.54438767847552,-10.875306440890224,230.6690812375853,2.012869897320629
22160,241.8669563732314,-11.337192015813727,230.52976435741766,2.0155579697769284
22200,241.65972413399578,-11.267861681771844,230.39186245222393,2.013831034449965
22240,242.09676745674983,-11.866908693030862,230.22985876371897,2.0174730621395818
22280,237.33641661349844,-7.133862876079956,230.2025537374185,1.9778034717791537
22320,236.2618121159667,-5.705563767369802,230.5562483485969,1.9688484342997226
22360,240.51616056887516,-9.86115682983613,230.65500373903905,2.00430133807396
22400,241.3203811964238,-10.745620184181377,230.57476101224242,2.011003176636865
22440,241.27321690569516,-10.805239136923092,230.46797776877207,2.010610140880793
22480,241.2869286411117,-10.918602466770396,230.3683261743413,2.0107244053425974
22520,241.49926396447708,-11.241563712557507,230.25770025191957,2.0124938663706424
22560,241.65966220511567,-11.528658803959825,230.13100340115585,2.013830518375964
22600,241.3450112784309,-11.343218375617234,230.00179290281366,2.0112084273202573
22640,238.10274144383715,-8.099467083498826,230.0032743603383,1.9841895120319761
22680,240.13257974696165,-10.012454714133785,230.12012503282787,2.0011048312246804
22720,241.01342023017378,-10.960772648417556,230.05264758175622,2.0084451685847813
22760,240.58397006262476,-10.595753806788387,229.98821625583636,2.0048664171885395
22800,240.36163702269883,-10.41092656421752,229.9507104584813,2.0030136418558238
22840,240.32402852346678,-10.400120758187462,229.92390776527932,2.0027002376955565
22880,240.3542846287962,-10.454560009539568,229.89972461925663,2.002952371906635
22920,240.3979354173744,-10.528541365392313,229.8693940519821,2.00331612847812
22960,240.52138733819615,-10.687574436474897,229.83381290172125,2.004344894484968
23000,240.89245640136386,-11.115143436738132,229.77731296462574,2.0074371366780324
23040,241.51599748179586,-11.833903247483086,229.68209423431279,2.012633312348299
23080,241.91172536967548,-12.372933143279148,229.53879222639634,2.015931044747296
23120,241.21732051442726,-11.811522407464373,229.4057981069629,2.0101443376202273
23160,240.95373042045566,-11.617228261417768,229.33650215903788,2.0079477535037973
23200,242.38246625319653,-13.182492019612805,229.19997423358373,2.0198538854433044
23240,242.202557112992,-13.1983333054837,229.0042238075083,2.0183546426082666
23280,240.98027506997332,-12.105098339005954,228.87517673096735,2.0081689589164444
23320,239.85961423759971,-11.018884127066048,228.84073011053366,1.9988301186466644
23360,238.25434375186268,-9.337554748153181,228.91678900370948,1.9854528645988556
23400,240.7813300427103,-11.805268554915337,228.97606148779496,2.0065110836892526
23440,242.15060951791975,-13.303481976931977,228.84712754098777,2.0179217459826644
23480,242.6062376630637,-13.951907111152012,228.65433055191167,2.0217186471921975
23520,242.78815582801235,-14.352329119331605,228.43582670868074,2.023234631900103
23560,242.61759880437717,-14.400516809116233,228.21708199526094,2.02181332336981
23600,241.37614355978758,-13.332374299066485,228.0437692607211,2.01146786299823
23640,240.58385519732693,-12.588593986200728,227.9952612111262,2.0048654599777245
23680,241.8348607177055,-13.95060226246393,227.8842584552416,2.015290505980879
23720,241.54033757450574,-13.794717571196173,227.74562000330957,2.0128361464542146
23760,241.20194648225282,-13.566518940916541,227.63542754133627,2.0100162206854404
23800,240.90310567346683,-13.353161713366562,227.54994396010025,2.0075258806122234
23840,240.49151374330677,-13.00002680995672,227.49148693335005,2.0040959478608897
23880,239.85187917634386,-12.376654729254993,227.47522444708886,1.9987656598028656
23920,238.36429985798176,-10.823726048490107,227.54057380949166,1.9863691654831814
23960,238.57722524665604,-10.888839053204517,227.68838619345152,1.9881435437221338
24000,238.95173935699654,-11.205708240647587,227.74603111634895,1.9912644946416378
24040,237.9865861177572,-10.119128832192256,227.86745728556497,1.98322155098131
24080,239.03736753600768,-11.028276141076336,228.00909139493135,1.991978062800064
24120,240.12461312572987,-12.096663352373858,228.027949773356,2.0010384427144157
24160,239.76314552200176,-11.734793996474458,228.0283515255273,1.9980262126833481
24200,239.20804551086155,-11.138744944431387,228.06930056643017,1.9934003792571795
24240,238.7430007806984,-10.593343491840113,228.1496572888583,1.9895250065058199
24280,238.45329749977088,-10.188954380950598,228.26434311882028,1.9871108124980907
24320,238.38876222899472,-9.99875416668175,228.39000806231297,1.986573018574956
24360,238.5418268419366,-10.027266110387698,228.5145607315489,1.9878485570161384
24400,238.8713619405987,-10.251765690693308,228.61959624990538,1.9905946828383223
24440,239.11558943404663,-10.419237144214954,228.69635228983168,1.9926299119503885
24480,237.8171741569193,-9.01516352377336,228.80201063314593,1.981809784640994
24520,237.61252400035465,-8.588073595695874,229.02445040465878,1.980104366669622
24560,239.31779140790206,-10.185245557183418,229.13254585071866,1.994314928399184
24600,239.2190660780724,-10.032253426368667,229.18681265170372,1.99349221731727
24640,239.02251204002891,-9.763476190265882,229.25903584976302,1.991854267000241
24680,239.05472584090134,-9.716830147388055,229.33789569351327,1.9921227153408445
24720,239.29088978422158,-9.88415689781236,229.4067328864092,1.9940907482018464
24760,239.65664726531716,-10.207790497745059,229.4488567675721,1.9971387272109764
24800,240.05568808300615,-10.59651107884602,229.45917700416013,2.0004640673583847
24840,240.4560168370544,-11.01768239199033,229.43833444506407,2.0038001403087864
24880,240.9023804734452,-11.518425022877256,229.38395545056792,2.0075198372787098
24920,241.3252498911141,-12.030300819289016,229.2949490718251,2.0110437490926176
24960,241.1693352427927,-11.983078095960028,229.18625714683267,2.0097444603566057
25000,239.7263702465873,-10.580939834057364,229.14543041252992,1.9977197520548942
25040,240.30549489627543,-11.140978262610677,229.16451663366476,2.0025457908022952
25080,241.88351661553668,-12.808401046599373,229.0751155689373,2.015695971796139
25120,242.5499772316518,-13.658489869791623,228.8914873618602,2.021249810263765
25160,242.29026227624115,-13.59706778930134,228.6931944869398,2.019085518968676
25200,241.5792789303606,-13.041618513470057,228.53766041689053,2.013160657753005
25240,241.06542308531056,-12.63098245405989,228.43444063125065,2.008878525710921
25280,240.87668110461195,-12.520817504768846,228.3558635998431,2.0073056758717662
25320,240.62983738194382,-12.334003145801947,228.29583423614187,2.005248644849532
25360,240.69861715302528,-12.450600451489713,228.24801670153556,2.005821809608544
25400,240.8212135375039,-12.63689590680714,228.18431763069674,2.006843446145866
25440,240.60798722920987,-12.483409775696508,228.12457745351335,2.0050665602434155
25480,240.23666799459573,-12.147452159505985,228.08921583508976,2.001972233288298
25520,239.66212048215615,-11.572084626031133,228.090035856125,1.9971843373513012
25560,239.3053700918178,-11.168671770416893,228.1366983214009,1.9942114174318148
25600,239.7783786815163,-11.601680579907695,228.1766981016086,1.9981531556793024
25640,240.02388772099465,-11.842084706830974,228.18180301416368,2.000199064341622
25680,239.78498660130555,-11.596637518219646,228.1883490830859,1.9982082216775463
25720,239.40415345352758,-11.184604449655154,228.21954900387243,1.9950346121127298
25760,239.06883522263686,-10.78833491039258,228.28050031224427,1.9922402935219738
25800,238.85187914831496,-10.48790561834053,228.36397352997443,1.990432326235958
25840,238.78665861349512,-10.3284584719736,228.45820014152153,1.989888821779126
25880,238.872378725714,-10.320308649404373,228.5520700763096,1.9906031560476165
25920,239.05973825774524,-10.42531045934785,228.63442779839738,1.9921644854812104
25960,239.26131756778432,-10.562343551262536,228.6989740165218,1.9938443130648693
26000,239.38283495087464,-10.629900400037325,228.75293455083732,1.9948569579239552
26040,239.36903740918115,-10.566607896980125,228.80242951220103,1.9947419784098428
26080,239.29049287387312,-10.433846121191216,228.8566467526819,1.9940874406156093
26120,239.33682608533974,-10.421829139120948,228.9149969462188,1.9944735507111644
26160,239.0812630362882,-10.111643957481649,228.96961907880655,1.992343858635735
26200,238.46295962880674,-9.379769614867634,229.08319001393912,1.9871913302400561
26240,240.20307001822533,-11.069165195839679,229.13390482238566,2.0016922501518777
26280,240.51898370502508,-11.419326086885423,229.09965761813964,2.0043248642085425
26320,240.41170625277783,-11.352030756845407,229.05967549593242,2.003430885439815
26360,240.34042629856435,-11.310284101620251,229.0301421969441,2.0028368858213694
26400,240.3761276412002,-11.373056910441791,229.00307073075842,2.003134397010002
26440,240.74256267785802,-11.777627573942702,228.9649351039153,2.0061880223154835
26480,240.8306093273188,-11.942472938034912,228.8881363892839,2.0069217443943232
26520,235.24094603268935,-6.233934409746051,229.0070116229433,1.960341216939078
26560,240.59384912466106,-11.388051860468952,229.2057972641921,2.004948742705509
26600,240.86987859405116,-11.74395307612216,229.125925517929,2.00724898828376
26640,240.333977815465,-11.25368534443362,229.08029247103138,2.0027831484622083
26680,240.37930856703468,-11.323067299796204,229.05624126723848,2.003160904725289
26720,240.73187954051892,-11.719325745290778,229.01255379522814,2.006098996170991
26760,240.9005497865004,-11.957457552523987,228.94309223397642,2.00750458155417
26800,240.67761992284755,-11.79989497587535,228.8777249469722,2.0056468326903962
26840,240.38105252763552,-11.543136584441594,228.83791594319393,2.003175437730296
26880,240.16344924774552,-11.349726851014562,228.81372239673095,2.001362077064546
26920,239.13542005480969,-10.293764068423709,228.84165598638597,1.992795167123414
26960,240.72802002452494,-11.861624562049084,228.86639546247585,2.006066833537708
27000,241.4677419158525,-12.70680565982399,228.76093625602851,2.0122311826321044
27040,239.8465904975709,-11.148065776769851,228.69852472080106,1.9987215874797575
27080,240.17988603883134,-11.460417681807133,228.7194683570242,2.0014990503235945
27120,240.5010248669743,-11.817071460746702,228.6839534062276,2.004175207224786
27160,240.03460339440505,-11.374805488906345,228.65979790549872,2.000288361620042
27200,239.5720321345375,-10.895633378650274,228.67639875588722,1.9964336011211459
27240,239.3082163617837,-10.584823286834709,228.723393074949,1.9942351363481976
27280,239.2686748566357,-10.487966926714037,228.78070792992168,1.9939056238052975
27320,239.3274116454888,-10.49098395462514,228.83642769086367,1.99439509704574
27360,239.36544489782256,-10.478167152834619,228.88727774498793,1.994712040815188
27400,239.36745195079828,-10.43191627077412,228.93553568002417,1.9947287662566524
27440,239.36463684103896,-10.379736994256383,228.98489984678258,1.994705307008658
27480,239.37775974581902,-10.342530427307402,229.03522931851163,1.9948146645484919
27520,239.41789768418442,-10.333793326450913,229.0841043577335,1.9951491473682035
27560,239.49449804185076,-10.367576838051443,229.12692120379933,1.9957874836820897
27600,239.6180648862247,-10.453882573814012,229.16418231241067,1.9968172073852057
27640,239.79219789273563,-10.604818747285062,229.18737914545056,1.998268315772797
27680,240.00239314180197,-10.805755385090642,229.19663775671134,2.0000199428483496
27720,240.19767400153822,-11.010231329639824,229.1874426718984,2.0016472833461516
27760,240.2087639595016,-11.041031709638501,229.1677322498631,2.0017396996625134
27800,239.64008697116813,-10.47227361327629,229.16781335789184,1.9970007247597343
27840,238.58364261723042,-9.342800757021408,229.240841860209,1.9881970218102536
